code_departement,departement,Taux de pauvrete pour plus de 75 ans,Niveau de vie médian des ménages (en euros),Code département,Département,Population,Part des femmes (en %),Part des 60 ans ou plus (en %),dont part des 75 ans ou plus (en %),Femmes_60_74_ans,Femmes_75_ans_et_plus,Hommes_60_74_ans,Hommes_75_ans_et_plus,revenu_median_60_74,hopital_court_sejour,services_urgence,dispensaire,soins_domicile_personnes_agees,aide_menagere_personnes_agees,foyer_restaurant_personnes_agees,repas_domicile_personnes_agees,revenu_median_75_plus,access_med_generalistes,60_74_appart_ascenseur,60_74_appart_sans_ascenseur,60_74_menage_2ans,60_74_autre_logement,60_74_menage_30ans_plus,60_74_en_maison,60_74_isoles,60_74_menage_peu_diplome,60_74_menage_immigre,60_74_proprietaires,femmes_60_74_isolees,60_74_sans_voiture,femmes_75_plus_isolees,75_plus_appart_ascenseur,75_plus_autre_logement,75_plus_menage_30ans_plus,75_plus_en_maison,75_plus_menage_peu_diplome,75_plus_menage_immigre,75_plus_proprietaires,75_plus_sans_voiture
01,Ain,15.0,24810,01,Ain,688626,50.7,25.5,9.3,57839.0,36743.0,53872.0,26977.0,1882710.0,13.0,5.0,11.0,23.0,37.0,0.0,5.0,1249850.0,1105.905887917,7979.0,12217.0,6406.0,419.0,37925.0,73307.0,20744.0,34629.0,12187.0,74438.0,12959.0,5166.0,14253.0,5696.0,586.0,24485.0,32297.0,28423.0,3995.0,34541.0,11129.0
02,Aisne,30.4,20920,02,Aisne,518817,51.1,29.4,10.6,51246.0,32945.0,46312.0,21914.0,629890.0,12.0,7.0,13.0,30.0,76.0,5.0,14.0,530480.0,2500.651504151,3178.0,8571.0,5021.0,300.0,41661.0,75811.0,20529.0,41550.0,4496.0,68282.0,13108.0,9454.0,16038.0,2413.0,172.0,27527.0,37857.0,31593.0,1984.0,35764.0,15035.0
03,Allier,24.8,21500,03,Allier,332599,51.7,36.6,14.9,37972.0,29824.0,33987.0,19888.0,573950.0,8.0,4.0,8.0,8.0,49.0,0.0,0.0,519820.0,909.288918816,3898.0,6609.0,5003.0,186.0,27493.0,56700.0,17388.0,26440.0,3770.0,53735.0,10912.0,5217.0,14377.0,4364.0,282.0,22302.0,32092.0,26682.0,1747.0,32228.0,11464.0
04,Alpes-de-Haute-Provence,24.2,21790,04,Alpes-de-Haute-Provence,169806,51.5,35.9,14.3,19107.0,14017.0,17643.0,10254.0,338540.0,8.0,3.0,5.0,12.0,33.0,1.0,6.0,319590.0,631.80861843,1078.0,5356.0,3299.0,138.0,9016.0,25724.0,8369.0,10205.0,2585.0,25017.0,4928.0,2161.0,5523.0,1468.0,100.0,8373.0,13383.0,10193.0,1511.0,14011.0,4577.0
05,Hautes-Alpes,22.0,22010,05,Hautes-Alpes,142006,51.1,35.8,14,16120.0,11633.0,14890.0,8247.0,252430.0,6.0,3.0,6.0,10.0,24.0,3.0,0.0,186280.0,613.820514038,2746.0,5441.0,2294.0,93.0,8108.0,17585.0,6824.0,8006.0,1502.0,20377.0,3960.0,1616.0,4344.0,2248.0,80.0,7182.0,8822.0,8334.0,818.0,11291.0,3786.0
06,Alpes-Maritimes,23.1,23460,06,Alpes-Maritimes,1129950,52.6,32.2,13.8,112222.0,94463.0,95410.0,61954.0,1379170.0,28.0,12.0,24.0,42.0,37.0,26.0,2.0,1280130.0,502.771,80733.0,37680.0,17668.0,1277.0,45773.0,67812.0,54128.0,62899.0,26683.0,131965.0,36053.0,27278.0,43098.0,66655.0,992.0,50372.0,34645.0,66555.0,15432.0,91239.0,45930.0
07,Ardèche,21.2,21990,07,Ardèche,336947,51.1,34.3,13.2,36715.0,25576.0,34459.0,18810.0,845310.0,18.0,4.0,7.0,21.0,11.0,0.0,0.0,652150.0,897.7595197429999,1756.0,7663.0,4987.0,241.0,24558.0,51996.0,14176.0,23981.0,3713.0,50947.0,8466.0,3087.0,9617.0,1535.0,313.0,18005.0,25357.0,21346.0,1475.0,26017.0,7835.0
08,Ardennes,30.5,20850,08,Ardennes,263194,50.8,31.1,11.2,27211.0,17465.0,25327.0,11971.0,419690.0,8.0,5.0,9.0,6.0,6.0,0.0,0.0,357640.0,1661.371202179,2110.0,6533.0,2849.0,228.0,22003.0,38073.0,11325.0,21806.0,3530.0,35203.0,7058.0,5158.0,8926.0,1375.0,135.0,15565.0,20037.0,17512.0,1772.0,19353.0,8365.0
09,Ariège,26.8,20820,09,Ariège,156787,51.1,35.4,13.5,17674.0,12205.0,16568.0,9028.0,298750.0,3.0,3.0,3.0,13.0,14.0,0.0,0.0,274160.0,1166.49184681,129.0,2579.0,2643.0,129.0,10674.0,26854.0,7579.0,10460.0,3068.0,24650.0,4273.0,1937.0,5095.0,166.0,113.0,10091.0,15816.0,11439.0,1675.0,14912.0,4640.0
10,Aube,27.2,21530,10,Aube,310930,51.1,29.6,11.5,29836.0,21265.0,26303.0,14491.0,497580.0,11.0,3.0,7.0,7.0,21.0,10.0,0.0,439330.0,1181.608,3933.0,6317.0,3475.0,275.0,22526.0,41579.0,13245.0,24088.0,4468.0,39311.0,8308.0,5084.0,9777.0,2667.0,499.0,16452.0,21603.0,19435.0,1706.0,21464.0,8184.0
11,Aude,31.6,20510,11,Aude,379729,51.8,35.6,14.1,43085.0,30914.0,38659.0,22454.0,553540.0,8.0,7.0,4.0,13.0,43.0,11.0,5.0,469630.0,1265.500374983,1935.0,8212.0,7747.0,299.0,21748.0,62644.0,17637.0,25970.0,8299.0,58671.0,10795.0,4819.0,11934.0,1554.0,185.0,20595.0,34638.0,25767.0,4024.0,33535.0,11234.0
12,Aveyron,20.6,21860,12,Aveyron,278355,50.4,36.1,14.5,30441.0,23575.0,29723.0,16686.0,488530.0,7.0,5.0,34.0,33.0,83.0,6.0,1.0,385230.0,859.955776988,1968.0,5760.0,3951.0,137.0,24734.0,46307.0,12139.0,20604.0,2959.0,46542.0,6987.0,2793.0,9548.0,1827.0,245.0,20979.0,27536.0,23214.0,1338.0,28812.0,8195.0
13,Bouches-du-Rhône,27.0,22920,13,Bouches-du-Rhône,2090225,52.1,28.2,11.3,189266.0,141397.0,163180.0,95584.0,2453220.0,24.0,10.0,31.0,36.0,120.0,68.0,18.0,2207590.0,510.642,16103.0,39167.0,13814.0,1100.0,70015.0,136974.0,43415.0,64801.0,18332.0,144716.0,28899.0,13282.0,30163.0,11503.0,942.0,53323.0,66261.0,57442.0,9689.0,75717.0,27689.0
14,Calvados,20.8,22840,14,Calvados,711029,51.8,30.4,11.6,71727.0,49910.0,62184.0,32365.0,1679580.0,13.0,9.0,17.0,20.0,118.0,1.0,1.0,1272050.0,1810.513687403,9440.0,13086.0,9405.0,622.0,43919.0,93575.0,28271.0,46038.0,3838.0,88664.0,18660.0,9259.0,21710.0,8689.0,696.0,29585.0,44600.0,39672.0,1487.0,45196.0,17096.0
15,Cantal,17.8,21710,15,Cantal,143746,50.7,38.2,14.8,16919.0,12535.0,16668.0,8801.0,202420.0,7.0,4.0,5.0,13.0,3.0,0.0,0.0,180730.0,731.64144891,1050.0,3204.0,1946.0,59.0,14228.0,25524.0,6952.0,13095.0,558.0,25519.0,4033.0,1923.0,5537.0,837.0,47.0,10852.0,14889.0,12574.0,232.0,15214.0,4955.0
16,Charente,23.8,22000,16,Charente,350209,51.2,34.6,13.3,39182.0,27639.0,35357.0,19045.0,769400.0,10.0,5.0,9.0,5.0,24.0,0.0,3.0,656900.0,1165.601976704,1228.0,3737.0,4642.0,254.0,29470.0,62002.0,14873.0,24651.0,5363.0,56519.0,9219.0,3770.0,11849.0,1125.0,366.0,23000.0,34875.0,25457.0,1442.0,32055.0,8864.0
17,Charente-Maritime,20.1,22810,17,Charente-Maritime,681666,52,37.4,14.9,82000.0,59212.0,71129.0,42322.0,1664330.0,14.0,10.0,11.0,11.0,115.0,4.0,27.0,1358410.0,1754.513588933,5425.0,9174.0,13865.0,556.0,42120.0,118484.0,31275.0,46232.0,5156.0,110132.0,20232.0,7241.0,23099.0,5168.0,700.0,34821.0,63059.0,44913.0,1887.0,60863.0,17135.0
18,Cher,23.8,22100,18,Cher,295830,51.2,34.5,13.7,32554.0,23913.0,29159.0,16485.0,474200.0,5.0,3.0,6.0,17.0,19.0,0.0,0.0,395460.0,671.529044027,2044.0,3536.0,3688.0,150.0,25331.0,53285.0,14242.0,22136.0,3834.0,48460.0,8766.0,4269.0,11025.0,2114.0,244.0,18790.0,28974.0,21074.0,1620.0,27331.0,9013.0
19,Corrèze,20.8,22140,19,Corrèze,239483,50.9,36.8,15,27221.0,21332.0,25019.0,14544.0,407280.0,6.0,2.0,14.0,24.0,33.0,0.0,18.0,371510.0,910.789007253,1550.0,4111.0,3341.0,140.0,19962.0,41654.0,11262.0,16384.0,3302.0,39879.0,6995.0,2625.0,9912.0,1562.0,101.0,17527.0,25392.0,18881.0,1313.0,25097.0,7883.0
21,Côte-d'Or,21.3,23720,21,Côte-d'Or,538799,51.4,29,11.4,50358.0,36332.0,44411.0,25026.0,638110.0,15.0,4.0,11.0,29.0,79.0,2.0,0.0,549890.0,2205.069693387,12088.0,12781.0,5408.0,254.0,35501.0,60789.0,21659.0,30187.0,6556.0,69245.0,14106.0,7212.0,15498.0,7854.0,146.0,26826.0,31309.0,28168.0,3015.0,37349.0,13198.0
22,Côtes-d'Armor,18.6,22670,22,Côtes-d'Armor,615301,51.5,35.2,13.6,69610.0,50037.0,62939.0,33895.0,1814800.0,11.0,5.0,14.0,37.0,136.0,0.0,4.0,1488740.0,1122.541719383,2411.0,6657.0,9293.0,304.0,47603.0,106766.0,27400.0,40369.0,4259.0,100326.0,17073.0,5627.0,22760.0,3079.0,477.0,34410.0,58337.0,43360.0,1078.0,56476.0,14479.0
23,Creuse,25.3,20620,23,Creuse,114103,51.1,40.7,16.1,14365.0,10852.0,13660.0,7510.0,131870.0,5.0,1.0,1.0,10.0,21.0,0.0,22.0,121460.0,846.523190992,341.0,1484.0,1811.0,98.0,11110.0,23938.0,6562.0,9849.0,1729.0,22280.0,3676.0,1733.0,5340.0,254.0,51.0,10132.0,15036.0,11117.0,443.0,14144.0,4354.0
24,Dordogne,24.6,21410,24,Dordogne,417714,51.7,39.2,15.2,52127.0,36972.0,48065.0,26501.0,735790.0,13.0,4.0,3.0,21.0,74.0,3.0,12.0,652000.0,1543.930774675,1127.0,5044.0,7991.0,353.0,31313.0,81562.0,19638.0,33110.0,7749.0,74079.0,12056.0,4273.0,15457.0,1783.0,250.0,27626.0,47137.0,33656.0,2784.0,43620.0,11749.0
25,Doubs,20.7,23890,25,Doubs,550846,51,27,10.5,48330.0,33688.0,42571.0,24174.0,1058400.0,9.0,2.0,31.0,20.0,54.0,4.0,10.0,820770.0,1963.596148947,9627.0,15613.0,5167.0,302.0,36707.0,57078.0,20205.0,31604.0,8456.0,64788.0,12908.0,6627.0,15053.0,6167.0,590.0,28104.0,30387.0,28866.0,3323.0,35648.0,12838.0
26,Drôme,19.9,22450,26,Drôme,524409,51.4,30.3,11.7,51279.0,36383.0,46511.0,24980.0,1069890.0,13.0,6.0,18.0,29.0,68.0,13.0,2.0,953140.0,1072.09048287,6448.0,12782.0,7482.0,396.0,32063.0,67688.0,21311.0,32094.0,7657.0,68963.0,13633.0,5639.0,14684.0,5962.0,396.0,23924.0,32485.0,28987.0,3249.0,36364.0,11756.0
27,Eure,19.3,22880,27,Eure,601942,51.1,28.1,10,57541.0,35841.0,51557.0,24302.0,1067380.0,9.0,8.0,19.0,17.0,78.0,0.0,1.0,877830.0,1711.671905175,2952.0,8267.0,6460.0,474.0,40183.0,83922.0,20725.0,41049.0,5205.0,76764.0,13296.0,6406.0,15073.0,3053.0,469.0,23704.0,37520.0,30463.0,1682.0,35715.0,11916.0
28,Eure-et-Loir,18.0,23360,28,Eure-et-Loir,433148,51.1,28.6,10.7,40913.0,27198.0,36806.0,18975.0,889610.0,8.0,5.0,11.0,11.0,21.0,1.0,3.0,742640.0,1000.46381154,3677.0,6677.0,4500.0,227.0,29701.0,59052.0,15410.0,28555.0,5769.0,55849.0,9765.0,5164.0,11810.0,3218.0,200.0,20256.0,30522.0,25092.0,1659.0,30223.0,9963.0
29,Finistère,19.3,23220,29,Finistère,936238,51.2,32.6,12.4,98383.0,70813.0,90780.0,45006.0,2796310.0,23.0,13.0,36.0,29.0,201.0,1.0,2.0,2216680.0,1025.958663255,6753.0,14233.0,10886.0,338.0,70103.0,138350.0,41542.0,46540.0,4297.0,138451.0,26430.0,9091.0,32301.0,5450.0,367.0,53541.0,75008.0,54594.0,1162.0,77143.0,20313.0
2A,Corse-du-Sud,17.7,23420,2A,Corse-du-Sud,172719,51.9,31.6,12.4,,,,,255720.0,5.0,0.0,2.0,6.0,4.0,0.0,0.0,218140.0,369.377,6780.0,5924.0,2644.0,100.0,7835.0,14745.0,5770.0,10616.0,2407.0,20184.0,3399.0,2241.0,3862.0,4584.0,52.0,7150.0,8177.0,8764.0,921.0,12743.0,4435.0
2B,Haute-Corse,27.4,21460,2B,Haute-Corse,187443,51.3,32.4,12.7,,,,,343990.0,6.0,4.0,5.0,3.0,3.0,0.0,0.0,320090.0,437.326,4198.0,8179.0,3309.0,183.0,9474.0,18902.0,7210.0,13237.0,2599.0,22458.0,4236.0,3058.0,4803.0,2944.0,84.0,8400.0,10458.0,10993.0,932.0,13886.0,5499.0
30,Gard,28.9,21330,30,Gard,775994,51.6,32.3,12.3,81414.0,56155.0,73427.0,39518.0,1723180.0,14.0,5.0,29.0,26.0,49.0,19.0,23.0,1483770.0,1188.274,7738.0,21580.0,12479.0,613.0,43048.0,104564.0,32559.0,50526.0,14042.0,103536.0,20703.0,10173.0,21439.0,6428.0,416.0,34291.0,51087.0,42842.0,6267.0,53387.0,19683.0
31,Haute-Garonne,26.1,24230,31,Haute-Garonne,1506391,51.1,23.3,8.8,114849.0,79481.0,102828.0,53482.0,2766740.0,23.0,9.0,32.0,36.0,111.0,0.0,1.0,1917740.0,2237.008392598,19867.0,25564.0,13142.0,661.0,67641.0,132577.0,44005.0,52878.0,16955.0,141068.0,28754.0,14561.0,28769.0,12678.0,355.0,52906.0,68478.0,52785.0,10410.0,75161.0,25741.0
32,Gers,23.5,22110,32,Gers,193053,51.2,37.4,14.8,22277.0,16374.0,21297.0,12164.0,264790.0,8.0,3.0,2.0,14.0,50.0,0.0,1.0,234100.0,1707.412175655,233.0,2719.0,3148.0,189.0,15464.0,35094.0,8683.0,13940.0,3339.0,31960.0,5092.0,1599.0,6233.0,199.0,105.0,14250.0,21763.0,15894.0,2056.0,19915.0,4509.0
33,Gironde,22.2,23950,33,Gironde,1718654,52,26.3,10.1,149655.0,104515.0,127495.0,69901.0,3201420.0,32.0,15.0,23.0,27.0,198.0,65.0,1.0,2325660.0,2169.258245198,20102.0,23584.0,20122.0,1018.0,88726.0,196338.0,58648.0,74782.0,16246.0,188791.0,38867.0,17580.0,41002.0,15437.0,694.0,66063.0,98554.0,69709.0,7031.0,98128.0,33079.0
34,Hérault,31.5,21800,34,Hérault,1252904,52.3,29.3,11.8,118684.0,87098.0,100818.0,60866.0,2494360.0,29.0,17.0,25.0,39.0,66.0,0.0,5.0,2096680.0,1264.964239209,21526.0,34435.0,20244.0,724.0,50013.0,135078.0,49078.0,64403.0,20357.0,146646.0,31951.0,16262.0,30800.0,14165.0,334.0,44035.0,68791.0,57869.0,9709.0,79070.0,29123.0
35,Ille-et-Vilaine,20.2,23690,35,Ille-et-Vilaine,1134891,51.1,24.9,9.6,91982.0,64985.0,82597.0,43516.0,2851990.0,22.0,8.0,24.0,25.0,324.0,1.0,0.0,1802560.0,1173.158040714,13657.0,16395.0,10589.0,339.0,61616.0,114884.0,34098.0,53441.0,4461.0,119451.0,22300.0,9167.0,26929.0,9997.0,1029.0,40625.0,58965.0,53176.0,1150.0,63619.0,21031.0
36,Indre,24.8,21270,36,Indre,213358,51.6,37.5,15.2,24752.0,19151.0,22911.0,13211.0,346520.0,5.0,5.0,5.0,15.0,12.0,0.0,1.0,319810.0,676.346098991,1457.0,2350.0,2913.0,125.0,19572.0,41021.0,10853.0,18225.0,1991.0,37110.0,6636.0,3042.0,9340.0,1033.0,198.0,16120.0,25089.0,19382.0,678.0,23118.0,7312.0
37,Indre-et-Loire,22.4,23140,37,Indre-et-Loire,620686,51.9,29.6,11.9,58531.0,43794.0,51444.0,30151.0,1241540.0,14.0,10.0,15.0,22.0,59.0,0.0,0.0,1042790.0,889.649280282,9885.0,9910.0,6561.0,339.0,40047.0,79475.0,23821.0,34953.0,6294.0,79238.0,15609.0,7387.0,18732.0,8805.0,680.0,30659.0,42404.0,36102.0,2442.0,45229.0,16093.0
38,Isère,20.3,24270,38,Isère,1308807,50.8,26.2,9.9,111950.0,75349.0,102217.0,53700.0,3715610.0,19.0,12.0,43.0,36.0,94.0,36.0,16.0,2609250.0,1658.133271018,31270.0,29629.0,12352.0,682.0,74506.0,123650.0,43403.0,64323.0,23225.0,147473.0,27587.0,13407.0,31085.0,23118.0,1542.0,55394.0,56031.0,57334.0,11799.0,75678.0,28334.0
39,Jura,16.6,23140,39,Jura,256977,50.9,32.4,12.7,26155.0,19085.0,24541.0,13590.0,380490.0,8.0,5.0,11.0,14.0,51.0,5.0,43.0,333820.0,1689.165080823,2142.0,7354.0,2974.0,151.0,20373.0,36565.0,11288.0,16721.0,3065.0,37543.0,6870.0,2856.0,8801.0,2252.0,339.0,15979.0,19631.0,17029.0,1155.0,21184.0,7214.0
40,Landes,17.8,22840,40,Landes,440763,51.4,34.8,13.4,49268.0,34604.0,44869.0,24600.0,879520.0,7.0,8.0,9.0,17.0,245.0,10.0,2.0,776690.0,1226.334912299,2087.0,6067.0,7290.0,229.0,27596.0,69567.0,17073.0,26324.0,4379.0,63922.0,10720.0,3097.0,12434.0,2038.0,105.0,22228.0,37182.0,25281.0,2073.0,34396.0,8030.0
41,Loir-et-Cher,20.3,22510,41,Loir-et-Cher,327451,51.4,33.8,13.5,35015.0,25921.0,31239.0,18436.0,780370.0,6.0,3.0,11.0,17.0,6.0,0.0,0.0,673390.0,722.301093412,1454.0,4297.0,4074.0,189.0,25017.0,54421.0,13680.0,24042.0,3754.0,50492.0,8508.0,3358.0,11507.0,1820.0,326.0,19076.0,31390.0,24463.0,1309.0,30314.0,8530.0
42,Loire,25.4,21970,42,Loire,776590,51.3,29.7,12.3,71807.0,56910.0,63643.0,38474.0,1257410.0,17.0,10.0,36.0,41.0,33.0,36.0,0.0,1096390.0,917.650522554,22490.0,22489.0,8607.0,415.0,53559.0,81770.0,30822.0,49783.0,11999.0,95154.0,19574.0,11989.0,25669.0,20938.0,981.0,39816.0,37582.0,47756.0,5922.0,50877.0,25413.0
43,Haute-Loire,16.8,22100,43,Haute-Loire,227959,50.6,33.7,12.8,24226.0,17326.0,23321.0,11920.0,608040.0,6.0,3.0,7.0,12.0,66.0,0.0,0.0,484630.0,731.897360972,1393.0,4383.0,2807.0,79.0,17852.0,35654.0,9835.0,16605.0,1546.0,34726.0,5742.0,2561.0,7147.0,1532.0,46.0,12906.0,17988.0,15360.0,573.0,18111.0,6488.0
44,Loire-Atlantique,18.1,24120,44,Loire-Atlantique,1510913,51.1,25.4,9.7,126608.0,88639.0,110918.0,58085.0,3476780.0,23.0,6.0,44.0,30.0,113.0,6.0,4.0,2235210.0,707.738411285,18894.0,21636.0,14570.0,587.0,84885.0,162034.0,48571.0,61860.0,6575.0,169533.0,32945.0,13620.0,35297.0,14732.0,881.0,54804.0,75150.0,57843.0,1783.0,84307.0,26395.0
45,Loiret,21.0,23090,45,Loiret,691006,51.1,27.8,10.7,62272.0,43445.0,55851.0,30482.0,1592950.0,13.0,5.0,10.0,18.0,71.0,1.0,0.0,1304880.0,839.758489489,7651.0,9718.0,6788.0,350.0,43077.0,88572.0,24280.0,39693.0,10741.0,85807.0,15607.0,7804.0,18445.0,6346.0,534.0,30944.0,45684.0,35729.0,3681.0,46708.0,14919.0
46,Lot,22.6,21910,46,Lot,176432,51.4,40.8,16.3,22477.0,16409.0,20865.0,12306.0,206600.0,6.0,4.0,5.0,15.0,38.0,1.0,3.0,192130.0,1005.740031028,523.0,2180.0,3385.0,179.0,13315.0,34745.0,8361.0,12524.0,3559.0,32550.0,4950.0,1640.0,6777.0,597.0,471.0,12266.0,20159.0,14404.0,1428.0,19365.0,5045.0
47,Lot-et-Garonne,24.3,21050,47,Lot-et-Garonne,332372,51.6,35.3,14.4,36571.0,27694.0,32993.0,20072.0,694200.0,7.0,5.0,5.0,23.0,62.0,1.0,2.0,605690.0,909.859,1195.0,4333.0,5648.0,253.0,23937.0,58551.0,14775.0,25335.0,6745.0,52273.0,9175.0,3230.0,11545.0,1120.0,265.0,21163.0,35294.0,26583.0,3817.0,31671.0,8566.0
48,Lozère,19.7,21580,48,Lozère,76452,49.9,35.2,13.6,8183.0,5906.0,8290.0,4526.0,113030.0,6.0,1.0,7.0,10.0,1.0,0.0,0.0,97430.0,390.121429227,111.0,1583.0,967.0,32.0,6035.0,12245.0,3496.0,4871.0,565.0,11843.0,1952.0,672.0,2317.0,226.0,15.0,4807.0,6648.0,5064.0,208.0,6659.0,2070.0
49,Maine-et-Loire,19.4,22500,49,Maine-et-Loire,835364,51.4,27.5,10.7,73702.0,53870.0,66442.0,35750.0,1728040.0,17.0,4.0,31.0,20.0,187.0,12.0,1.0,1267410.0,611.727764694,8650.0,8698.0,7916.0,405.0,55170.0,103556.0,26322.0,49877.0,4205.0,97556.0,17298.0,7436.0,21819.0,7507.0,2104.0,35662.0,53161.0,47196.0,1198.0,51372.0,17688.0
50,Manche,15.8,22480,50,Manche,496199,51,34.5,13.4,53905.0,39896.0,50704.0,26620.0,1013170.0,14.0,7.0,8.0,33.0,34.0,1.0,0.0,862860.0,1384.089346945,3436.0,5512.0,7119.0,366.0,35153.0,81093.0,20519.0,38952.0,2879.0,71519.0,12739.0,5341.0,18622.0,3496.0,739.0,26594.0,46583.0,40468.0,766.0,41816.0,13734.0
51,Marne,25.5,22830,51,Marne,558743,51.9,28,10.6,52362.0,35803.0,44844.0,23540.0,661700.0,14.0,9.0,14.0,17.0,30.0,2.0,3.0,520490.0,1857.036164911,12013.0,10784.0,5546.0,429.0,41733.0,65993.0,22307.0,37573.0,6045.0,63397.0,14780.0,8573.0,16223.0,7534.0,736.0,26827.0,31516.0,29476.0,2398.0,32311.0,14197.0
52,Haute-Marne,22.5,21350,52,Haute-Marne,167047,50.6,34.9,13.7,18428.0,13466.0,17105.0,9342.0,209160.0,13.0,3.0,6.0,12.0,54.0,1.0,4.0,196320.0,1272.839654427,1700.0,3007.0,1747.0,85.0,17050.0,28302.0,7826.0,15014.0,1611.0,26707.0,4854.0,2643.0,6571.0,1211.0,213.0,12867.0,16081.0,13348.0,797.0,15533.0,5810.0
53,Mayenne,16.5,22230,53,Mayenne,303245,50.5,30.6,12.1,28813.0,21614.0,27304.0,14936.0,602650.0,8.0,3.0,9.0,11.0,84.0,13.0,0.0,434970.0,697.656802297,1677.0,2718.0,3368.0,114.0,21600.0,44716.0,10160.0,22429.0,1856.0,41037.0,6295.0,2573.0,9341.0,1729.0,541.0,13783.0,25615.0,22841.0,470.0,23832.0,7191.0
54,Meurthe-et-Moselle,26.7,23010,54,Meurthe-et-Moselle,729358,51.4,27.3,10.1,66796.0,44523.0,58487.0,29070.0,1605890.0,18.0,8.0,18.0,25.0,53.0,0.0,0.0,1354890.0,1957.83365023,10146.0,19967.0,6325.0,482.0,51626.0,81940.0,27573.0,39504.0,10267.0,86829.0,18068.0,11938.0,21704.0,6691.0,632.0,39043.0,43687.0,35979.0,5649.0,47346.0,20772.0
55,Meuse,25.0,21890,55,Meuse,177024,50.3,33.3,12.2,19137.0,12667.0,18362.0,8861.0,276360.0,4.0,2.0,5.0,14.0,16.0,1.0,0.0,257850.0,1622.370912418,436.0,3652.0,1938.0,81.0,16105.0,29003.0,7824.0,14238.0,1857.0,27121.0,4716.0,2686.0,6161.0,487.0,157.0,11651.0,15526.0,12127.0,918.0,14900.0,5470.0
56,Morbihan,18.3,23140,56,Morbihan,789465,51.3,34.7,13.2,90017.0,61740.0,80186.0,42277.0,2532900.0,15.0,5.0,16.0,33.0,143.0,2.0,4.0,1981290.0,850.462642432,6271.0,11797.0,12542.0,596.0,52888.0,121011.0,34088.0,48398.0,4253.0,117954.0,21738.0,8030.0,26067.0,5837.0,1304.0,37614.0,61762.0,48708.0,1175.0,63204.0,19190.0
57,Moselle,24.4,22980,57,Moselle,1050955,51,28.8,10,104823.0,62594.0,93268.0,42177.0,2310470.0,27.0,9.0,58.0,28.0,48.0,4.0,0.0,1851770.0,2490.179054953,11608.0,36674.0,8914.0,665.0,82448.0,117358.0,36313.0,61562.0,22378.0,124648.0,23555.0,15253.0,28151.0,7355.0,597.0,58583.0,60988.0,52676.0,12234.0,65413.0,28169.0
58,Nièvre,25.4,21380,58,Nièvre,199666,51.8,38.9,15.6,24298.0,18743.0,22216.0,12502.0,326390.0,10.0,4.0,14.0,21.0,54.0,1.0,1.0,289590.0,791.041317888,1634.0,4054.0,3215.0,117.0,17686.0,39238.0,11802.0,16932.0,2529.0,36973.0,7115.0,3464.0,9423.0,1583.0,184.0,14271.0,22252.0,17158.0,992.0,21677.0,7344.0
59,Nord,30.3,21340,59,Nord,2615505,51.7,24.8,8.9,224876.0,144083.0,192111.0,88336.0,5170670.0,57.0,23.0,92.0,72.0,74.0,0.0,5.0,4013360.0,2874.794,33895.0,30884.0,21843.0,1465.0,167191.0,297919.0,87930.0,159129.0,30218.0,264876.0,59900.0,50408.0,67413.0,23330.0,2764.0,105730.0,141688.0,119954.0,13382.0,130056.0,69567.0
60,Oise,20.2,23330,60,Oise,829583,51,25,8.7,70760.0,42625.0,64289.0,29790.0,1778600.0,15.0,7.0,10.0,15.0,31.0,0.0,0.0,1156120.0,2137.422387394,6706.0,16676.0,6960.0,734.0,53164.0,95520.0,25584.0,51802.0,11525.0,92172.0,16836.0,10421.0,17461.0,4960.0,623.0,30682.0,40777.0,34604.0,3623.0,41458.0,15837.0
61,Orne,23.0,21400,61,Orne,271896,51,35.7,14.1,30326.0,22965.0,28438.0,15455.0,589250.0,10.0,7.0,11.0,13.0,41.0,1.0,0.0,514150.0,1151.363713103,1105.0,4230.0,3821.0,176.0,21990.0,47954.0,12488.0,23845.0,2480.0,42689.0,7570.0,3622.0,10481.0,1670.0,365.0,16101.0,27220.0,23446.0,814.0,24980.0,7950.0
62,Pas-de-Calais,29.1,20720,62,Pas-de-Calais,1450306,51.4,27.7,9.6,139275.0,86954.0,122917.0,52951.0,3136310.0,23.0,11.0,88.0,52.0,18.0,24.0,18.0,2494450.0,3456.956418389,9728.0,14142.0,13585.0,1017.0,109298.0,200484.0,50995.0,104605.0,6702.0,165304.0,34658.0,26473.0,42802.0,6609.0,1206.0,68864.0,99161.0,82382.0,3787.0,79844.0,43095.0
63,Puy-de-Dôme,25.4,23060,63,Puy-de-Dôme,664068,51.4,29.7,11.6,63666.0,46094.0,56423.0,30967.0,1314310.0,13.0,7.0,18.0,23.0,53.0,0.0,0.0,1026330.0,1392.315827673,10860.0,12217.0,6597.0,343.0,48098.0,87556.0,28277.0,40086.0,9345.0,90685.0,17720.0,8016.0,19982.0,7402.0,510.0,35296.0,43702.0,35572.0,3934.0,47927.0,16712.0
64,Pyrénées-Atlantiques,21.7,23300,64,Pyrénées-Atlantiques,713482,52,33.2,13.3,75414.0,57293.0,66571.0,37311.0,1343640.0,18.0,9.0,14.0,26.0,211.0,16.0,30.0,1070700.0,1908.115192591,14998.0,18666.0,10030.0,348.0,46523.0,84777.0,29783.0,34097.0,9081.0,94408.0,19124.0,7404.0,22872.0,12924.0,395.0,40273.0,47574.0,39251.0,5164.0,56700.0,17629.0
65,Hautes-Pyrénées,25.7,21530,65,Hautes-Pyrénées,232548,51.5,35.6,14.3,26149.0,19734.0,23399.0,13558.0,380610.0,6.0,6.0,2.0,14.0,30.0,0.0,1.0,350780.0,1784.974524252,2323.0,5882.0,3489.0,172.0,18928.0,36765.0,11820.0,14507.0,3251.0,36807.0,7305.0,2736.0,8703.0,2221.0,167.0,17179.0,22125.0,15696.0,2089.0,22896.0,6909.0
66,Pyrénées-Orientales,33.4,20650,66,Pyrénées-Orientales,503866,52.4,34.7,13.9,55633.0,41463.0,48838.0,28815.0,1226030.0,9.0,7.0,6.0,16.0,60.0,8.0,0.0,1103180.0,804.642,5996.0,15607.0,10498.0,397.0,21126.0,68972.0,23492.0,32053.0,10960.0,70939.0,14812.0,7199.0,17028.0,5264.0,287.0,22080.0,39860.0,32521.0,7603.0,43263.0,15683.0
67,Bas-Rhin,22.0,24090,67,Bas-Rhin,1168669,51.3,26.8,9.4,106341.0,64570.0,97045.0,45699.0,2439250.0,26.0,8.0,40.0,27.0,18.0,5.0,0.0,2057960.0,2143.944936228,25491.0,32476.0,9457.0,614.0,82508.0,108715.0,34937.0,51427.0,18646.0,126203.0,22699.0,16047.0,26645.0,13890.0,522.0,57345.0,56685.0,43181.0,5766.0,65662.0,25485.0
68,Haut-Rhin,21.0,24470,68,Haut-Rhin,765827,50.7,29.3,10.5,74678.0,46873.0,69402.0,33414.0,1726270.0,15.0,8.0,36.0,27.0,19.0,10.0,0.0,1427840.0,1187.021,12801.0,24683.0,7069.0,404.0,56505.0,82263.0,25617.0,39267.0,17147.0,92085.0,16098.0,9599.0,19792.0,8138.0,199.0,41216.0,42195.0,33306.0,6314.0,48010.0,16935.0
69,Rhône,22.0,24480,69,Rhône,1932598,51.7,23.2,9.5,142535.0,109601.0,123394.0,73258.0,3304130.0,31.0,12.0,32.0,37.0,117.0,46.0,9.0,2534760.0,894.610469688,48162.0,28689.0,12112.0,892.0,70492.0,107088.0,43956.0,67714.0,27224.0,135156.0,29274.0,18975.0,33165.0,33562.0,1605.0,55949.0,50070.0,60757.0,12203.0,72915.0,30939.0
70,Haute-Saône,19.7,21860,70,Haute-Saône,231932,50.7,32.8,12.2,24801.0,16433.0,23078.0,11877.0,336250.0,5.0,4.0,15.0,14.0,45.0,0.0,2.0,274130.0,1869.758155221,1025.0,4412.0,2623.0,168.0,20596.0,37636.0,9760.0,18733.0,2757.0,35781.0,5880.0,2719.0,7304.0,752.0,325.0,14075.0,19016.0,15465.0,1054.0,18405.0,6098.0
71,Saône-et-Loire,19.7,22170,71,Saône-et-Loire,545310,51.1,35.2,14,59898.0,45474.0,55358.0,31101.0,906340.0,16.0,6.0,28.0,27.0,101.0,9.0,7.0,817990.0,1633.554929295,7927.0,12310.0,7218.0,411.0,44757.0,84836.0,24466.0,40438.0,9455.0,83535.0,15197.0,6665.0,20952.0,7470.0,1005.0,34533.0,45466.0,40667.0,4222.0,46592.0,17227.0
72,Sarthe,22.3,22230,72,Sarthe,564160,51.1,30.3,11.7,55017.0,38978.0,50000.0,26943.0,1288790.0,11.0,7.0,14.0,14.0,21.0,7.0,1.0,894850.0,1037.252713781,5728.0,6147.0,6123.0,388.0,38540.0,81551.0,21097.0,38594.0,2889.0,76336.0,13414.0,6813.0,17936.0,5375.0,1011.0,26462.0,44314.0,37278.0,862.0,43535.0,15566.0
73,Savoie,16.6,24270,73,Savoie,453159,50.8,29.1,11,42835.0,29713.0,39135.0,20198.0,1227640.0,9.0,9.0,8.0,27.0,43.0,0.0,0.0,902830.0,928.08650088,11404.0,13232.0,5031.0,251.0,26593.0,44490.0,17907.0,22032.0,5998.0,54592.0,11215.0,4694.0,12294.0,8691.0,517.0,21290.0,21698.0,21540.0,3109.0,29731.0,10601.0
74,Haute-Savoie,12.9,28120,74,Haute-Savoie,870588,50.7,24,8.9,69353.0,45369.0,62468.0,31792.0,2354500.0,13.0,10.0,16.0,17.0,19.0,18.0,3.0,1587360.0,863.378152567,22805.0,21927.0,7252.0,384.0,42465.0,67453.0,28191.0,37362.0,15281.0,89140.0,18327.0,7272.0,17949.0,13929.0,549.0,30059.0,29407.0,30020.0,5908.0,43561.0,14369.0
75,Paris,18.3,29730,75,Paris,2048472,53,24.1,9.7,161592.0,120088.0,134193.0,77932.0,,,,,,,,,,,,,,,,,,,,,,,,,,,,,,,
76,Seine-Maritime,25.4,22340,76,Seine-Maritime,1260246,51.8,28.3,10.6,119931.0,81334.0,102604.0,52617.0,2006910.0,27.0,13.0,36.0,41.0,156.0,0.0,1.0,1731990.0,2561.919378024,24887.0,31536.0,13788.0,834.0,80247.0,140473.0,48022.0,85094.0,10194.0,139633.0,32515.0,21545.0,38506.0,20698.0,806.0,53049.0,65473.0,67931.0,3515.0,70690.0,35641.0
77,Seine-et-Marne,18.2,24640,77,Seine-et-Marne,1479615,51.3,22,7.6,112367.0,65664.0,100894.0,46464.0,3438750.0,18.0,11.0,7.0,19.0,102.0,0.0,0.0,2290790.0,1441.133850622,15430.0,26742.0,10002.0,1123.0,68887.0,134983.0,36733.0,66619.0,28496.0,142003.0,24560.0,15691.0,23701.0,9123.0,1174.0,40957.0,54880.0,44947.0,8544.0,60129.0,21274.0
78,Yvelines,16.5,28130,78,Yvelines,1489363,51.2,23.1,8.8,114341.0,76790.0,98849.0,54104.0,3149870.0,24.0,12.0,17.0,26.0,93.0,0.0,0.0,2610760.0,769.514471261,38068.0,41270.0,9679.0,1283.0,71231.0,113885.0,41859.0,55820.0,33477.0,147629.0,28555.0,17508.0,30860.0,25825.0,1386.0,56338.0,51472.0,43815.0,10812.0,77629.0,25621.0
79,Deux-Sèvres,18.7,22220,79,Deux-Sèvres,374315,50.7,32.2,12.5,38082.0,27311.0,35598.0,19466.0,781180.0,7.0,5.0,6.0,16.0,52.0,1.0,16.0,623770.0,787.890157854,1011.0,2337.0,3914.0,145.0,31089.0,61321.0,13047.0,26826.0,3411.0,55531.0,8167.0,2800.0,11418.0,1403.0,746.0,21192.0,33880.0,27901.0,975.0,30812.0,8581.0
80,Somme,28.5,21560,80,Somme,559722,51.4,28.5,10.5,53233.0,35254.0,47402.0,23407.0,812820.0,20.0,6.0,4.0,24.0,104.0,4.0,0.0,703400.0,2896.456144137,4069.0,6754.0,5351.0,374.0,44188.0,80366.0,20347.0,43119.0,3382.0,73009.0,13227.0,9033.0,15474.0,2672.0,178.0,29112.0,40453.0,32796.0,1261.0,38251.0,14890.0
81,Tarn,25.3,21730,81,Tarn,401283,51.5,34.3,14.1,42420.0,33154.0,38600.0,23602.0,839670.0,9.0,5.0,18.0,15.0,78.0,0.0,2.0,655580.0,1035.168667605,1428.0,5188.0,5313.0,165.0,29831.0,63475.0,15709.0,25795.0,5329.0,58727.0,9845.0,3647.0,12556.0,1564.0,242.0,27471.0,39213.0,29506.0,3220.0,36925.0,10186.0
82,Tarn-et-Garonne,23.0,21520,82,Tarn-et-Garonne,267793,51,30.4,11.7,25957.0,18136.0,23925.0,13267.0,408530.0,5.0,3.0,4.0,11.0,33.0,0.0,2.0,361240.0,657.134,914.0,3560.0,3569.0,187.0,16778.0,38660.0,9471.0,17627.0,4410.0,35789.0,5746.0,2274.0,6833.0,748.0,197.0,13779.0,21826.0,16424.0,2400.0,20468.0,5498.0
83,Var,22.5,23120,83,Var,1135917,51.8,35.1,14.7,123992.0,97588.0,107764.0,69344.0,2185100.0,22.0,10.0,15.0,29.0,162.0,5.0,14.0,1961760.0,517.932,29268.0,43633.0,21403.0,1325.0,45046.0,130659.0,49536.0,67109.0,18715.0,154770.0,31879.0,16152.0,35998.0,25186.0,1164.0,45005.0,66722.0,63855.0,10124.0,91822.0,31989.0
84,Vaucluse,26.6,21370,84,Vaucluse,573683,52,31.5,12.4,58673.0,41857.0,50595.0,29324.0,1138050.0,20.0,10.0,14.0,15.0,56.0,0.0,2.0,1070880.0,508.715,4003.0,16819.0,8429.0,473.0,32257.0,75612.0,23573.0,37121.0,12918.0,70984.0,15341.0,7317.0,16556.0,4025.0,719.0,25760.0,38993.0,32414.0,5357.0,38385.0,13360.0
85,Vendée,12.3,22790,85,Vendée,723037,50.9,34.2,13.2,79912.0,54987.0,72496.0,40179.0,2142270.0,11.0,7.0,30.0,25.0,63.0,4.0,4.0,1512270.0,816.991666545,3460.0,4040.0,11973.0,327.0,47053.0,116914.0,25282.0,48078.0,3125.0,107488.0,16084.0,4952.0,19177.0,3196.0,566.0,29833.0,57555.0,42975.0,984.0,53847.0,13512.0
86,Vienne,28.4,22220,86,Vienne,437151,51.4,29.9,11.7,41646.0,29899.0,38252.0,21046.0,1076110.0,7.0,5.0,12.0,4.0,37.0,9.0,0.0,738060.0,978.224593999,2874.0,3694.0,4645.0,251.0,31408.0,65036.0,16173.0,27305.0,3565.0,60447.0,10261.0,3897.0,13539.0,2996.0,877.0,23608.0,36067.0,28050.0,1175.0,34622.0,10027.0
87,Haute-Vienne,29.5,22140,87,Haute-Vienne,371297,52,33.3,13.4,39093.0,29803.0,34547.0,20086.0,665000.0,11.0,6.0,20.0,19.0,31.0,0.0,25.0,480560.0,693.048151327,6270.0,6804.0,4804.0,193.0,28941.0,55601.0,17016.0,25184.0,5121.0,55895.0,10772.0,5023.0,13794.0,5156.0,243.0,23539.0,31373.0,26316.0,1389.0,33176.0,11974.0
88,Vosges,24.1,21550,88,Vosges,352304,51.1,34.2,12.9,39204.0,27156.0,36072.0,18128.0,833000.0,11.0,6.0,6.0,19.0,39.0,0.0,0.0,763370.0,1754.333514648,2133.0,11279.0,4118.0,241.0,32927.0,54122.0,16666.0,29933.0,3945.0,53727.0,10225.0,5294.0,12771.0,2298.0,309.0,23464.0,27851.0,25090.0,1441.0,28741.0,11030.0
89,Yonne,20.5,21940,89,Yonne,331131,51.1,33.3,12.8,35513.0,25040.0,32351.0,17303.0,532680.0,7.0,4.0,6.0,20.0,63.0,13.0,8.0,466420.0,1202.202306439,1852.0,6110.0,4327.0,223.0,24094.0,54645.0,15467.0,24758.0,5082.0,51443.0,9369.0,4682.0,11033.0,1670.0,88.0,17559.0,28961.0,21982.0,1805.0,28290.0,9026.0
90,Territoire de Belfort,25.6,22920,90,Territoire de Belfort,138419,50.3,27.7,10.3,12903.0,8478.0,11146.0,5837.0,271870.0,2.0,1.0,9.0,3.0,9.0,2.0,5.0,254670.0,390.101706911,2325.0,5513.0,1505.0,41.0,10016.0,14568.0,5552.0,8048.0,2486.0,16270.0,3510.0,2104.0,4056.0,1662.0,56.0,7441.0,7445.0,6794.0,997.0,8648.0,3651.0
91,Essonne,19.6,25040,91,Essonne,1343527,50.8,21.9,8.1,97696.0,64421.0,88716.0,44024.0,2862940.0,25.0,12.0,25.0,19.0,75.0,0.0,1.0,2415050.0,601.352368963,22412.0,32178.0,7608.0,924.0,64177.0,106619.0,35711.0,53444.0,28519.0,125526.0,24250.0,16043.0,24056.0,12579.0,1081.0,48485.0,51943.0,41574.0,8829.0,64320.0,20774.0
92,Hauts-de-Seine,16.5,29720,92,Hauts-de-Seine,1663974,52.2,21.6,8.2,122868.0,83348.0,99470.0,53704.0,1025990.0,35.0,13.0,76.0,36.0,61.0,0.0,1.0,1015060.0,119.105,106577.0,48221.0,11414.0,2020.0,60706.0,37448.0,58020.0,55388.0,45067.0,111185.0,39779.0,47272.0,40008.0,62657.0,1749.0,58969.0,20050.0,46252.0,15692.0,70112.0,44550.0
93,Seine-Saint-Denis,30.0,19020,93,Seine-Saint-Denis,1711876,50.3,18.7,5.9,113513.0,57431.0,104243.0,44109.0,825850.0,19.0,12.0,109.0,31.0,59.0,0.0,0.0,834450.0,145.405,58645.0,49148.0,9853.0,1385.0,57063.0,64890.0,43392.0,84121.0,67099.0,95032.0,28130.0,50825.0,26098.0,25720.0,1008.0,43765.0,32377.0,49701.0,19444.0,48343.0,36660.0
94,Val-de-Marne,22.5,24270,94,Val-de-Marne,1426433,51.8,21.9,8,106134.0,69584.0,92222.0,44941.0,1226360.0,22.0,10.0,63.0,28.0,78.0,0.0,0.0,1151870.0,154.248,65934.0,44352.0,9879.0,1948.0,58963.0,59234.0,45796.0,61350.0,44552.0,104425.0,31305.0,37971.0,32128.0,37563.0,1635.0,51823.0,30557.0,48716.0,15322.0,61507.0,36832.0
95,Val-d'Oise,21.9,23290,95,Val-d'Oise,1287589,51.2,20.6,7,94673.0,52406.0,81539.0,37155.0,2123420.0,15.0,9.0,28.0,14.0,376.0,25.0,12.0,1630240.0,571.996783823,24781.0,31150.0,7553.0,1164.0,54397.0,91898.0,31507.0,55438.0,35521.0,107571.0,21458.0,20495.0,21398.0,12807.0,1112.0,36654.0,38635.0,36418.0,10514.0,48733.0,21937.0
